{
 "664-e": -1.0,
 "664-c": -0.7,
 "1265-n": -0.75,
 "1552-n": -0.95,
 "1552-c": -0.9,
 "285-n": -1.0,
 "515-c": -0.8000000000000002,
 "1474-n": -0.5,
 "1474-c": -0.7,
 "1436-e": -0.0,
 "1436-n": -1.0,
 "1338-n": -0.45,
 "362-e": -0.7,
 "362-n": -0.6666666666666666,
 "753-n": -0.4,
 "753-c": -0.725,
 "110-n": -0.675,
 "110-c": -0.1,
 "1456-e": -0.2,
 "1456-n": -1.0,
 "1456-c": -1.0,
 "248-e": -0.8999999999999999,
 "248-n": -0.1,
 "531-n": -0.875,
 "209-e": -1.0,
 "209-n": -0.6999999999999998,
 "975-e": -0.925,
 "975-n": -0.75,
 "645-e": -1.0,
 "645-n": -0.5,
 "645-c": -0.0,
 "1592-n": -1.0,
 "561-e": -0.9,
 "561-c": -0.9,
 "1010-n": -0.0,
 "1010-c": -0.6666666666666666,
 "10-e": -0.9666666666666667,
 "10-n": -0.4,
 "1457-e": -0.7,
 "1457-n": -0.75,
 "1384-n": -0.8,
 "1384-c": -0.6666666666666666,
 "595-e": -1.0,
 "595-n": -0.6666666666666666,
 "1549-e": -0.8,
 "1549-n": -0.8333333333333334,
 "76-e": -0.8250000000000001,
 "76-c": -0.2,
 "64-n": -0.3333333333333333,
 "64-c": -0.0,
 "1031-n": -1.0,
 "1031-c": -0.0,
 "494-n": -1.0,
 "398-e": -1.0,
 "398-n": -0.0,
 "428-e": -0.8,
 "428-n": -0.4666666666666666,
 "608-n": -0.5,
 "608-c": -0.6666666666666666,
 "973-n": -1.0,
 "1472-e": -0.9,
 "1472-n": -1.0,
 "1472-c": -0.8,
 "879-e": -0.8500000000000001,
 "879-n": -0.55,
 "836-e": -1.0,
 "836-n": -0.0,
 "1568-e": -0.9,
 "1568-n": -0.1,
 "451-n": -0.95,
 "1595-n": -0.45,
 "474-n": -0.5,
 "163-n": -0.6499999999999999,
 "1401-n": -1.0,
 "1362-e": -0.3333333333333333,
 "1362-n": -0.8333333333333334,
 "291-e": -0.75,
 "9-n": -0.5499999999999999,
 "688-c": -0.975,
 "578-c": -1.0,
 "406-e": -0.975,
 "999-e": -0.6,
 "999-n": -1.0,
 "480-n": -0.6666666666666666,
 "480-c": -0.0,
 "540-n": -0.75,
 "1165-n": -0.7666666666666666,
 "1165-c": -0.7,
 "582-e": -1.0,
 "582-n": -0.0,
 "734-e": -0.8666666666666667,
 "734-n": -0.5,
 "1379-n": -0.5,
 "2-e": -0.8,
 "2-n": -0.55,
 "2-c": -0.44999999999999996,
 "861-n": -0.925,
 "1559-n": -0.425,
 "754-c": -0.975,
 "165-e": -1.0,
 "1588-e": -0.95,
 "1588-n": -0.55,
 "1588-c": -0.0,
 "525-n": -0.625,
 "525-c": -0.4,
 "1132-n": -0.8333333333333334,
 "1132-c": -0.2,
 "1328-n": -0.6666666666666666,
 "1328-c": -1.0,
 "942-c": -0.725,
 "1170-n": -1.0,
 "394-n": -0.5,
 "719-n": -0.8,
 "719-c": -0.03333333333333333,
 "588-e": -0.7,
 "588-n": -0.8666666666666667,
 "272-n": -1.0,
 "681-n": -1.0,
 "681-c": -0.65,
 "1319-e": -0.8666666666666666,
 "1319-n": -0.43333333333333335,
 "749-n": -0.9,
 "204-e": -0.8625,
 "204-n": -0.5,
 "174-c": -0.95,
 "714-e": -0.8500000000000001,
 "714-n": -0.4,
 "418-n": -1.0,
 "418-c": -0.0,
 "469-n": -0.3,
 "469-c": -0.8666666666666667,
 "1349-e": -0.9,
 "1349-n": -0.8333333333333334,
 "732-e": -0.925,
 "730-n": -0.875,
 "730-c": -0.0,
 "1493-n": -0.6,
 "1493-c": -0.7999999999999999,
 "921-n": -1.0,
 "391-e": -1.0,
 "391-n": -0.8,
 "391-c": -0.3,
 "1274-e": -0.0,
 "1274-n": -0.5,
 "1274-c": -0.0,
 "680-e": -0.625,
 "470-n": -0.8499999999999999,
 "195-e": -0.8,
 "195-n": -0.15000000000000002,
 "782-c": -1.0,
 "267-e": -1.0,
 "267-n": -0.19999999999999998,
 "185-e": -0.575,
 "534-e": -0.7,
 "534-n": -0.5,
 "134-e": -1.0,
 "134-c": -0.0,
 "252-e": -0.975,
 "996-e": -0.8,
 "996-n": -0.16666666666666666,
 "1562-e": -0.1,
 "1562-n": -1.0,
 "155-n": -0.8,
 "155-c": -0.8,
 "331-n": -0.5,
 "331-c": -1.0,
 "696-n": -1.0,
 "696-c": -1.0,
 "703-e": -1.0,
 "703-n": -0.0,
 "799-e": -0.3,
 "799-n": -0.7,
 "789-e": -1.0,
 "886-e": -1.0,
 "886-n": -0.3333333333333333,
 "388-n": -1.0,
 "1013-e": -0.8,
 "1013-n": -0.8,
 "1013-c": -0.95,
 "883-e": -0.6,
 "883-n": -0.7,
 "1185-e": -0.75,
 "1185-n": -0.9,
 "1144-e": -0.9,
 "1144-n": -0.8,
 "860-e": -0.9,
 "860-n": -0.5000000000000001,
 "433-e": -0.9,
 "433-n": -0.7,
 "1090-e": -1.0,
 "1090-n": -0.0,
 "7-n": -0.5,
 "7-c": -0.9666666666666667,
 "296-e": -1.0,
 "296-n": -1.0,
 "633-n": -0.9666666666666667,
 "633-c": -0.75,
 "963-e": -1.0,
 "963-n": -0.0,
 "946-e": -1.0,
 "946-n": -0.5,
 "946-c": -0.0,
 "1249-n": -1.0,
 "747-n": -1.0,
 "1139-c": -0.25,
 "1415-e": -0.9,
 "1415-n": -0.5333333333333333,
 "478-n": -0.7,
 "478-c": -0.9,
 "700-n": -0.0,
 "700-c": -0.0,
 "708-n": -0.6666666666666666,
 "708-c": -0.0,
 "1507-n": -0.3333333333333333,
 "964-e": -0.0,
 "964-n": -1.0,
 "1135-e": -1.0,
 "1470-e": -1.0,
 "1470-n": -0.25,
 "1470-c": -1.0,
 "467-e": -1.0,
 "1175-e": -1.0,
 "1175-n": -1.0,
 "666-n": -1.0,
 "666-c": -0.0,
 "606-e": -1.0,
 "606-n": -0.45,
 "1589-n": -0.6,
 "1589-c": -0.9,
 "145-c": -0.75,
 "1532-e": -0.8500000000000001,
 "1532-n": -0.55,
 "1220-n": -0.7999999999999999,
 "1220-c": -0.8,
 "1019-n": -1.0,
 "1019-c": -0.0,
 "641-e": -0.6499999999999999,
 "641-n": -0.5,
 "527-e": -0.0,
 "527-n": -1.0,
 "1277-e": -0.75,
 "1277-n": -1.0,
 "1277-c": -0.0,
 "450-n": -0.6666666666666666,
 "685-n": -1.0,
 "685-c": -0.9,
 "164-n": -0.65,
 "164-c": -0.95,
 "1042-e": -0.975,
 "1072-c": -1.0,
 "1268-e": -1.0,
 "1268-n": -1.0,
 "501-n": -0.9,
 "501-c": -1.0,
 "1036-n": -1.0,
 "1125-e": -0.9,
 "1125-n": -0.5666666666666667,
 "386-e": -1.0,
 "386-n": -0.26666666666666666,
 "1252-e": -0.7333333333333334,
 "1252-n": -0.5,
 "335-e": -0.9,
 "335-n": -0.4,
 "1407-c": -0.975,
 "699-e": -0.0,
 "699-c": -0.6666666666666666,
 "1284-n": -0.75,
 "355-n": -0.9,
 "355-c": -0.0,
 "225-e": -0.75,
 "225-n": -1.0,
 "1427-n": -1.0,
 "1292-n": -0.9,
 "1292-c": -0.0,
 "95-n": -0.7,
 "581-e": -0.7,
 "581-n": -0.6,
 "691-e": -0.9,
 "691-n": -0.5,
 "893-e": -0.8666666666666666,
 "893-n": -0.5,
 "438-e": -0.975,
 "780-e": -0.9666666666666667,
 "780-n": -0.0,
 "1025-n": -0.6,
 "1025-c": -0.9666666666666667,
 "118-e": -0.725,
 "118-n": -0.5,
 "169-e": -1.0,
 "1149-e": -0.7,
 "1149-n": -0.5,
 "1149-c": -0.6,
 "1380-n": -0.3333333333333333,
 "974-e": -0.9,
 "974-n": -1.0,
 "716-n": -0.7666666666666667,
 "1428-n": -0.925,
 "1536-n": -0.5,
 "1536-c": -1.0,
 "1006-e": -1.0,
 "1006-n": -0.5,
 "1221-n": -0.9,
 "1221-c": -0.7999999999999999,
 "1193-n": -0.9,
 "1193-c": -1.0,
 "493-e": -0.0,
 "493-n": -1.0,
 "395-e": -1.0,
 "395-n": -0.0,
 "1376-e": -0.9,
 "1376-n": -0.1,
 "1060-e": -0.875,
 "1060-c": -0.2,
 "234-c": -0.7333333333333334,
 "328-e": -1.0,
 "328-n": -0.8,
 "1190-e": -0.9,
 "424-n": -0.8500000000000001,
 "424-c": -0.35,
 "430-n": -0.8666666666666667,
 "430-c": -0.9,
 "1029-e": -0.975,
 "67-e": -0.0,
 "67-n": -1.0,
 "67-c": -1.0,
 "343-e": -0.75,
 "343-n": -0.4666666666666666,
 "1104-n": -0.5,
 "1104-c": -0.7,
 "114-n": -0.6666666666666666,
 "1321-n": -0.6499999999999999,
 "1321-c": -0.925,
 "807-n": -0.95,
 "392-n": -0.7333333333333334,
 "392-c": -1.0,
 "1016-e": -0.8,
 "1016-n": -0.9,
 "1098-e": -0.9666666666666667,
 "1098-n": -0.7,
 "456-n": -0.0,
 "456-c": -0.0,
 "140-e": -0.95,
 "140-n": -1.0,
 "771-e": -0.75,
 "1577-n": -0.95,
 "316-c": -0.9333333333333332,
 "241-e": -0.85,
 "241-n": -0.5,
 "1297-c": -1.0,
 "825-n": -1.0,
 "825-c": -0.0,
 "1580-n": -0.0,
 "1197-e": -0.925,
 "563-e": -0.9,
 "563-n": -0.6999999999999998,
 "1069-e": -0.7,
 "1069-n": -0.75,
 "1069-c": -0.8,
 "321-e": -0.95,
 "321-n": -0.8,
 "321-c": -0.6499999999999999,
 "466-n": -1.0,
 "466-c": -0.0,
 "609-n": -1.0,
 "738-e": -0.8500000000000001,
 "738-n": -0.7,
 "536-e": -1.0,
 "536-n": -0.85,
 "557-e": -0.6499999999999999,
 "557-n": -0.9,
 "557-c": -1.0,
 "1550-n": -0.8125,
 "40-n": -1.0,
 "40-c": -0.0,
 "1232-n": -0.0,
 "1232-c": -0.8333333333333334,
 "885-e": -1.0,
 "885-n": -1.0,
 "208-e": -0.0,
 "208-n": -0.9,
 "208-c": -0.9,
 "125-n": -0.7999999999999999,
 "125-c": -0.05,
 "1537-n": -1.0,
 "309-c": -1.0,
 "591-e": -0.0,
 "591-n": -1.0,
 "119-n": -0.6666666666666666,
 "119-c": -0.0,
 "369-n": -1.0,
 "369-c": -0.75,
 "1244-c": -1.0,
 "1471-n": -1.0,
 "1471-c": -0.9,
 "1313-n": -0.825,
 "1070-e": -0.9,
 "1070-n": -0.7,
 "770-n": -0.85,
 "770-c": -0.5,
 "117-n": -0.9666666666666667,
 "117-c": -1.0,
 "1166-n": -1.0,
 "1166-c": -0.9,
 "271-e": -0.7666666666666667,
 "107-e": -0.9624999999999999,
 "1539-n": -0.7,
 "1078-e": -0.9666666666666667,
 "1078-c": -0.1,
 "273-n": -1.0,
 "1178-e": -1.0,
 "158-n": -0.0,
 "1015-n": -0.975,
 "374-n": -0.4,