{"664-e": -0.3333333333333333, "664-n": 0, "664-c": -1.0, "1265-n": -1.0, "1552-n": -1.0, "1552-c": -0.5, "285-n": -1.0, "515-c": -1.0, "1474-n": -1.0, "1474-c": -0.8333333333333334, "1436-e": -0.5, "1436-n": -1.0, "1338-n": -1.0, "362-e": -1.0, "362-n": -0.8888888888888888, "753-n": -0.3333333333333333, "753-c": -0.75, "110-n": -0.8181818181818182, "110-c": -0.0, "1456-e": -0.5, "1456-n": -1.0, "1456-c": -0.0, "248-e": -1.0, "248-n": -0.6666666666666666, "531-n": -1.0, "209-e": -0.0, "209-n": -1.0, "975-e": -0.6666666666666666, "975-n": -1.0, "645-e": -0.5, "645-n": -0.6666666666666666, "645-c": -0.6666666666666666, "1592-n": -1.0, "561-e": -0.0, "561-c": -1.0, "1010-n": -0.0, "1010-c": -1.0, "10-e": -1.0, "10-n": -0.6666666666666666, "1457-e": -0.3333333333333333, "1457-n": -0.8333333333333334, "1384-n": -0.3333333333333333, "1384-c": -0.6666666666666666, "595-e": -0.0, "595-n": -1.0, "1549-e": -0.3333333333333333, "1549-n": -1.0, "76-e": -0.9166666666666666, "76-c": -0.5, "64-n": -0.875, "64-c": -0.6666666666666666, "1031-n": -1.0, "1031-c": -0.0, "494-n": -1.0, "398-e": -1.0, "398-n": -0.0, "428-e": -0.3333333333333333, "428-n": -0.6666666666666666, "608-n": -0.3333333333333333, "608-c": -0.6666666666666666, "973-n": -1.0, "1472-e": -0.0, "1472-n": -0.3333333333333333, "1472-c": -1.0, "879-e": -1.0, "879-n": -0.5, "836-e": -1.0, "836-n": -0.6666666666666666, "1568-e": -1.0, "1568-n": -0.3333333333333333, "451-n": -1.0, "1595-n": -0.6666666666666666, "474-n": -0.9166666666666666, "163-n": -1.0, "1401-n": -1.0, "1362-e": -0.6666666666666666, "1362-n": -0.5555555555555556, "291-e": -1.0, "9-n": -1.0, "688-c": -1.0, "578-c": -1.0, "406-e": -1.0, "999-e": -0.6666666666666666, "999-n": -1.0, "480-n": -1.0, "480-c": -0.2, "540-n": -1.0, "1165-n": -0.8888888888888888, "1165-c": -0.0, "582-e": -1.0, "582-n": -0.5, "734-e": -0.7777777777777778, "734-n": -1.0, "1379-n": -1.0, "2-e": -1.0, "2-n": -1.0, "2-c": -0.8333333333333334, "861-n": -0.9166666666666666, "1559-n": -0.9166666666666666, "754-c": -1.0, "165-e": -1.0, "1588-e": -0.3333333333333333, "1588-n": -0.8333333333333334, "1588-c": -0.3333333333333333, "525-n": -0.9166666666666666, "525-c": -0.0, "1132-n": -0.7777777777777778, "1132-c": -0.6666666666666666, "1328-n": -0.5555555555555556, "1328-c": -0.5, "942-c": -1.0, "1170-n": -1.0, "394-n": -0.9166666666666666, "719-n": -0.6666666666666666, "719-c": -0.5555555555555556, "588-e": -0.0, "588-n": -1.0, "272-n": -0.9166666666666666, "681-n": -0.6666666666666666, "681-c": -0.5555555555555556, "1319-e": -0.2222222222222222, "1319-n": -1.0, "749-n": -0.8888888888888888, "204-e": -1.0, "204-n": -0.0, "174-n": 0, "174-c": -0.6666666666666666, "714-e": -1.0, "714-n": -1.0, "418-n": -1.0, "418-c": -0.6666666666666666, "469-n": -0.0, "469-c": -1.0, "1349-e": -0.0, "1349-n": -1.0, "732-e": -1.0, "730-n": -0.75, "730-c": -0.0, "1493-n": -0.6666666666666666, "1493-c": -1.0, "921-n": -1.0, "391-e": -1.0, "391-n": -0.6666666666666666, "391-c": -0.0, "1274-e": -0.6666666666666666, "1274-n": -0.6666666666666666, "1274-c": -0.0, "680-e": -0.8333333333333334, "470-n": -1.0, "195-e": -0.8333333333333334, "195-n": -0.16666666666666666, "782-c": -1.0, "267-e": -0.5, "267-n": -0.8888888888888888, "185-e": -1.0, "534-e": -0.3333333333333333, "534-n": -1.0, "134-e": -1.0, "134-c": -0.3333333333333333, "252-e": -1.0, "996-e": -0.0, "996-n": -1.0, "1562-e": -0.3333333333333333, "1562-n": -1.0, "155-n": -0.5, "155-c": -0.0, "331-n": -1.0, "331-c": -0.2222222222222222, "696-n": -1.0, "696-c": -0.3333333333333333, "703-e": -0.6666666666666666, "703-n": -0.6666666666666666, "799-e": -0.0, "799-n": -1.0, "789-e": -1.0, "886-e": -1.0, "886-n": -0.4444444444444444, "388-n": -1.0, "1013-e": -1.0, "1013-n": -1.0, "1013-c": -0.8, "883-e": -0.5, "883-n": -1.0, "1185-e": -0.6666666666666666, "1185-n": -0.8888888888888888, "1144-e": -1.0, "1144-n": -0.5, "860-e": -0.6666666666666666, "860-n": -0.625, "433-e": -0.8333333333333334, "433-n": -0.8333333333333334, "1090-e": -0.6666666666666666, "1090-n": -0.6666666666666666, "7-n": -0.3333333333333333, "7-c": -1.0, "296-e": -0.0, "296-n": -1.0, "633-n": -0.6666666666666666, "633-c": -0.3333333333333333, "963-e": -1.0, "963-n": -0.3333333333333333, "946-e": -0.8, "946-n": -0.6666666666666666, "946-c": -0.0, "1249-n": -1.0, "747-n": -1.0, "1139-c": -1.0, "1415-e": -0.3333333333333333, "1415-n": -1.0, "478-n": -0.8333333333333334, "478-c": -0.5, "700-n": -1.0, "700-c": -0.0, "708-n": -1.0, "708-c": -0.3333333333333333, "1507-n": -1.0, "964-e": -0.3333333333333333, "964-n": -1.0, "1135-e": -1.0, "1135-n": 0, "1470-e": -0.0, "1470-n": -1.0, "1470-c": -0.6666666666666666, "467-e": -0.6666666666666666, "467-n": 0, "1175-e": -0.3333333333333333, "1175-n": -1.0, "666-n": -1.0, "666-c": -0.0, "606-e": -0.6666666666666666, "606-n": -1.0, "1589-n": -1.0, "1589-c": -0.8333333333333334, "145-e": 0, "145-c": -1.0, "1532-e": -1.0, "1532-n": -0.6666666666666666, "1220-n": -1.0, "1220-c": -0.3333333333333333, "1019-n": -1.0, "1019-c": -0.6666666666666666, "641-e": -0.6666666666666666, "641-n": -1.0, "527-e": -0.3333333333333333, "527-n": -1.0, "1277-e": -0.7272727272727273, "1277-n": -0.6666666666666666, "1277-c": -0.0, "450-n": -1.0, "685-n": -0.3333333333333333, "685-c": -1.0, "164-n": -1.0, "164-c": -1.0, "1042-e": -1.0, "1072-c": -1.0, "1268-e": -1.0, "1268-n": -1.0, "501-n": -0.5, "501-c": -0.6, "1036-n": -1.0, "1125-e": -0.0, "1125-n": -1.0, "386-e": -0.3333333333333333, "386-n": -1.0, "1252-e": -1.0, "1252-n": -0.6666666666666666, "335-e": -1.0, "335-n": -0.3333333333333333, "1407-c": -1.0, "699-e": -0.0, "699-c": -0.8888888888888888, "1284-n": -1.0, "355-n": -1.0, "355-c": -0.0, "225-e": -0.6666666666666666, "225-n": -0.6666666666666666, "1427-n": -1.0, "1292-n": -1.0, "1292-c": -0.3333333333333333, "95-n": -1.0, "581-e": -1.0, "581-n": -0.3333333333333333, "691-e": -0.3333333333333333, "691-n": -1.0, "893-e": -1.0, "893-n": -0.3333333333333333, "438-e": -1.0, "780-e": -1.0, "780-n": -0.3333333333333333, "1025-n": -0.3333333333333333, "1025-c": -0.8888888888888888, "118-e": -1.0, "118-n": -0.6666666666666666, "169-e": -1.0, "1149-e": -0.6666666666666666, "1149-n": -1.0, "1149-c": -0.6666666666666666, "1380-n": -1.0, "974-e": -0.0, "974-n": -1.0, "716-n": -1.0, "1428-n": -1.0, "1536-n": -0.6666666666666666, "1536-c": -1.0, "1006-e": -0.6666666666666666, "1006-n": -0.16666666666666666, "1221-n": -0.0, "1221-c": -1.0, "1193-n": -0.3333333333333333, "1193-c": -1.0, "493-e": -0.5, "493-n": -0.3333333333333333, "395-e": -0.6666666666666666, "395-n": -1.0, "1376-e": -0.0, "1376-n": -1.0, "1060-e": -1.0, "1060-c": -0.0, "234-c": -1.0, "328-e": -1.0, "328-n": -0.3333333333333333, "1190-e": -1.0, "1190-n": 0, "424-n": -0.8333333333333334, "424-c": -0.5, "430-n": -1.0, "430-c": -0.3333333333333333, "1029-e": -1.0, "67-e": -0.3333333333333333, "67-n": -1.0, "67-c": -0.3333333333333333, "343-e": -1.0, "343-n": -0.14285714285714285, "1104-n": -1.0, "1104-c": -0.5, "114-n": -1.0, "1321-n": -0.3333333333333333, "1321-c": -1.0, "807-n": -1.0, "392-n": -1.0, "392-c": -0.0, "1016-e": -0.6666666666666666, "1016-n": -0.8, "1098-e": -0.8888888888888888, "1098-n": -1.0, "456-n": -1.0, "456-c": -0.3333333333333333, "140-e": -1.0, "140-n": -0.8333333333333334, "771-e": -1.0, "1577-n": -1.0, "316-n": 0, "316-c": -1.0, "241-e": -1.0, "241-n": -0.4, "1297-c": -1.0, "825-n": -1.0, "825-c": -0.0, "1580-n": -1.0, "1197-e": -1.0, "563-e": -0.6666666666666666, "563-n": -1.0, "1069-e": -0.3333333333333333, "1069-n": -1.0, "1069-c": -0.0, "321-e": -1.0, "321-n": -0.3333333333333333, "321-c": -0.6666666666666666, "466-n": -1.0, "466-c": -0.3333333333333333, "609-n": -1.0, "738-e": -1.0, "738-n": -0.6666666666666666, "536-e": -0.8333333333333334, "536-n": -0.8333333333333334, "557-e": -0.3333333333333333, "557-n": -0.0, "557-c": -1.0, "1550-n": -1.0, "40-n": -1.0, "40-c": -0.6666666666666666, "1232-n": -0.3333333333333333, "1232-c": -1.0, "885-e": -0.3333333333333333, "885-n": -1.0,