{"664-e": -1.0, "664-n": 0, "664-c": -2.0, "1265-n": -3.0, "1552-n": -3.0, "1552-c": -1.0, "285-n": -3.0, "515-c": -3.0, "1474-n": -3.0, "1474-c": -2.5, "1436-e": -1.0, "1436-n": -3.0, "1338-n": -3.0, "362-e": -3.0, "362-n": -2.6666666666666665, "753-n": -1.0, "753-c": -2.25, "110-n": -2.25, "110-c": -0.0, "1456-e": -1.0, "1456-n": -2.6666666666666665, "1456-c": -0.0, "248-e": -3.0, "248-n": -2.0, "531-n": -3.0, "209-e": -0.0, "209-n": -3.0, "975-e": -2.0, "975-n": -3.0, "645-e": -1.5, "645-n": -2.0, "645-c": -2.0, "1592-n": -3.0, "561-e": -0.0, "561-c": -3.0, "1010-n": -0.0, "1010-c": -3.0, "10-e": -3.0, "10-n": -2.0, "1457-e": -1.0, "1457-n": -2.5, "1384-n": -1.0, "1384-c": -2.0, "595-e": -0.0, "595-n": -3.0, "1549-e": -1.0, "1549-n": -3.0, "76-e": -2.75, "76-c": -1.0, "64-n": -2.3333333333333335, "64-c": -1.0, "1031-n": -3.0, "1031-c": -0.0, "494-n": -3.0, "398-e": -2.0, "398-n": -0.0, "428-e": -1.0, "428-n": -2.0, "608-n": -1.0, "608-c": -2.0, "973-n": -3.0, "1472-e": -0.0, "1472-n": -1.0, "1472-c": -3.0, "879-e": -3.0, "879-n": -1.5, "836-e": -3.0, "836-n": -2.0, "1568-e": -3.0, "1568-n": -1.0, "451-n": -3.0, "1595-n": -2.0, "474-n": -2.75, "163-n": -3.0, "1401-n": -3.0, "1362-e": -2.0, "1362-n": -1.6666666666666667, "291-e": -2.5, "9-n": -3.0, "688-c": -3.0, "578-c": -3.0, "406-e": -3.0, "999-e": -2.0, "999-n": -3.0, "480-n": -3.0, "480-c": -0.5, "540-n": -2.75, "1165-n": -2.6666666666666665, "1165-c": -0.0, "582-e": -3.0, "582-n": -1.5, "734-e": -2.3333333333333335, "734-n": -3.0, "1379-n": -2.75, "2-e": -3.0, "2-n": -3.0, "2-c": -2.5, "861-n": -2.75, "1559-n": -2.75, "754-c": -3.0, "165-e": -2.75, "1588-e": -1.0, "1588-n": -2.5, "1588-c": -1.0, "525-n": -2.75, "525-c": -0.0, "1132-n": -2.3333333333333335, "1132-c": -2.0, "1328-n": -1.6666666666666667, "1328-c": -1.0, "942-c": -3.0, "1170-n": -3.0, "394-n": -2.75, "719-n": -2.0, "719-c": -1.6666666666666667, "588-e": -0.0, "588-n": -3.0, "272-n": -2.75, "681-n": -2.0, "681-c": -1.6666666666666667, "1319-e": -0.6666666666666666, "1319-n": -3.0, "749-n": -2.6666666666666665, "204-e": -3.0, "204-n": -0.0, "174-n": 0, "174-c": -2.0, "714-e": -2.0, "714-n": -1.0, "418-n": -3.0, "418-c": -2.0, "469-n": -0.0, "469-c": -2.6666666666666665, "1349-e": -0.0, "1349-n": -2.6666666666666665, "732-e": -3.0, "730-n": -2.25, "730-c": -0.0, "1493-n": -2.0, "1493-c": -3.0, "921-n": -3.0, "391-e": -3.0, "391-n": -2.0, "391-c": -0.0, "1274-e": -2.0, "1274-n": -2.0, "1274-c": -0.0, "680-e": -2.5, "470-n": -3.0, "195-e": -2.5, "195-n": -0.5, "782-c": -3.0, "267-e": -1.0, "267-n": -2.6666666666666665, "185-e": -3.0, "534-e": -1.0, "534-n": -3.0, "134-e": -3.0, "134-c": -1.0, "252-e": -3.0, "996-e": -0.0, "996-n": -3.0, "1562-e": -1.0, "1562-n": -3.0, "155-n": -1.5, "155-c": -0.0, "331-n": -3.0, "331-c": -0.6666666666666666, "696-n": -3.0, "696-c": -1.0, "703-e": -2.0, "703-n": -2.0, "799-e": -0.0, "799-n": -2.0, "789-e": -3.0, "886-e": -3.0, "886-n": -1.3333333333333333, "388-n": -3.0, "1013-e": -2.5, "1013-n": -2.0, "1013-c": -2.0, "883-e": -1.0, "883-n": -3.0, "1185-e": -2.0, "1185-n": -2.6666666666666665, "1144-e": -3.0, "1144-n": -1.5, "860-e": -2.0, "860-n": -1.6666666666666667, "433-e": -2.5, "433-n": -2.5, "1090-e": -2.0, "1090-n": -2.0, "7-n": -1.0, "7-c": -3.0, "296-e": -0.0, "296-n": -3.0, "633-n": -2.0, "633-c": -1.0, "963-e": -3.0, "963-n": -1.0, "946-e": -2.0, "946-n": -2.0, "946-c": -0.0, "1249-n": -3.0, "747-n": -3.0, "1139-c": -3.0, "1415-e": -1.0, "1415-n": -3.0, "478-n": -2.5, "478-c": -1.5, "700-n": -3.0, "700-c": -0.0, "708-n": -3.0, "708-c": -1.0, "1507-n": -3.0, "964-e": -1.0, "964-n": -2.6666666666666665, "1135-e": -2.0, "1135-n": 0, "1470-e": -0.0, "1470-n": -3.0, "1470-c": -2.0, "467-e": -2.0, "467-n": 0, "1175-e": -1.0, "1175-n": -3.0, "666-n": -3.0, "666-c": -0.0, "606-e": -2.0, "606-n": -3.0, "1589-n": -3.0, "1589-c": -2.5, "145-e": 0, "145-c": -3.0, "1532-e": -3.0, "1532-n": -2.0, "1220-n": -3.0, "1220-c": -1.0, "1019-n": -3.0, "1019-c": -2.0, "641-e": -2.0, "641-n": -3.0, "527-e": -1.0, "527-n": -3.0, "1277-e": -2.0, "1277-n": -2.0, "1277-c": -0.0, "450-n": -3.0, "685-n": -1.0, "685-c": -3.0, "164-n": -3.0, "164-c": -3.0, "1042-e": -3.0, "1072-c": -2.5, "1268-e": -3.0, "1268-n": -3.0, "501-n": -1.0, "501-c": -1.5, "1036-n": -3.0, "1125-e": -0.0, "1125-n": -3.0, "386-e": -1.0, "386-n": -3.0, "1252-e": -3.0, "1252-n": -2.0, "335-e": -3.0, "335-n": -1.0, "1407-c": -3.0, "699-e": -0.0, "699-c": -2.6666666666666665, "1284-n": -3.0, "355-n": -3.0, "355-c": -0.0, "225-e": -2.0, "225-n": -2.0, "1427-n": -3.0, "1292-n": -3.0, "1292-c": -1.0, "95-n": -3.0, "581-e": -3.0, "581-n": -1.0, "691-e": -1.0, "691-n": -3.0, "893-e": -3.0, "893-n": -1.0, "438-e": -3.0, "780-e": -3.0, "780-n": -1.0, "1025-n": -1.0, "1025-c": -2.6666666666666665, "118-e": -3.0, "118-n": -2.0, "169-e": -3.0, "1149-e": -2.0, "1149-n": -3.0, "1149-c": -2.0, "1380-n": -3.0, "974-e": -0.0, "974-n": -3.0, "716-n": -2.3333333333333335, "1428-n": -3.0, "1536-n": -2.0, "1536-c": -3.0, "1006-e": -2.0, "1006-n": -0.5, "1221-n": -0.0, "1221-c": -3.0, "1193-n": -1.0, "1193-c": -3.0, "493-e": -1.0, "493-n": -1.0, "395-e": -2.0, "395-n": -3.0, "1376-e": -0.0, "1376-n": -3.0, "1060-e": -3.0, "1060-c": -0.0, "234-c": -3.0, "328-e": -3.0, "328-n": -1.0, "1190-e": -1.0, "1190-n": 0, "424-n": -2.5, "424-c": -1.5, "430-n": -3.0, "430-c": -1.0, "1029-e": -3.0, "67-e": -1.0, "67-n": -3.0, "67-c": -1.0, "343-e": -3.0, "343-n": -0.3333333333333333, "1104-n": -2.5, "1104-c": -1.0, "114-n": -3.0, "1321-n": -1.0, "1321-c": -3.0, "807-n": -3.0, "392-n": -3.0, "392-c": -0.0, "1016-e": -2.0, "1016-n": -2.0, "1098-e": -2.6666666666666665, "1098-n": -3.0, "456-n": -3.0, "456-c": -1.0, "140-e": -3.0, "140-n": -2.5, "771-e": -3.0, "1577-n": -2.0, "316-n": 0, "316-c": -2.0, "241-e": -3.0, "241-n": -1.0, "1297-c": -3.0, "825-n": -3.0, "825-c": -0.0, "1580-n": -3.0, "1197-e": -3.0, "563-e": -2.0, "563-n": -3.0, "1069-e": -1.0, "1069-n": -3.0, "1069-c": -0.0, "321-e": -3.0, "321-n": -1.0, "321-c": -2.0, "466-n": -3.0, "466-c": -1.0, "609-n": -3.0, "738-e": -3.0, "738-n": -2.0, "536-e": -2.5, "536-n": -2.5, "557-e": -1.0, "557-n": -0.0, "557-c": -3.0, "1550-n": -3.0, "40-n": -3.0, "40-c": -2.0, "1232-n": -1.0, "1232-c": -3.0, "885-e": -1.0, "885-n": -3.0, "208-e": -1.0, "208-n": -2.0, "208-c": -1.0, "125-n": -3.0, "125-c": -1.5, "1537-n": -3.0, "309-c": -2.0, "591-e": -0.0, "591-n": -3.0, "119-n": -2.3333333333333335, "119-c": -2.0, "369-n": -3.0, "369-c": -2.0, "1244-c": -3.0, "1471-n": -2.0, "1471-c": -2.0, "1313-n": -3.0, "1070-e": -2.5, "1070-n": -2.5, "770-n": -1.0, "770-c": -2.5, "117-n": -3.0, "117-c": -1.0, "1166-n": -2.0, "1166-c": -3.0, "271-e": -3.0, "271-n": 0, "107-e": -2.75, "1539-n": -3.0, "1078-e": -3.0, "1078-c": -1.0, "273-n": -3.0, "1178-e": -3.0, "158-n": -3.0, "1015-n": -3.0, "374-n": -3.0, "374-c": -1.5, "890-e": -2.0, "890-n": -1.0, "824-e": -0.0, "824-n": -2.3333333333333335, "871-e": -0.0, "871-c": -3.0, "1158-n": -3.0, "51-c": -3.0, "1448-e": -3.0, "287-e": -3.0, "287-c": -0.0, "1486-e": -1.0, "1486-n": -3.0, "553-n": 0, "553-c": -3.0, "487-n": -3.0, "839-e": -0.0, "839-c": -3.0, "1259-e": -1.0, "1259-n": -3.0, "652-n": -3.0, "1219-e": -2.0, "1219-n": -2.0, "1219-c": -2.0, "723-e": -3.0, "779-e": -3.0, "779-n": -1.0, "13-n": -2.6666666666666665, "13-c": -0.0, "607-e": -1.5, "607-n": -2.3333333333333335, "1273-n": -3.0, "863-n": -3.0, "863-c": -2.5, "972-e": -1.0, "972-n": -3.0, "972-c": -1.0, "776-e": -2.0, "776-n": -2.0, "454-n": -2.6666666666666665, "454-c": -1.5, "528-n": -2.5, "1368-e": -2.6666666666666665, "1368-n": -2.0, "1107-c": -3.0, "743-e": -3.0, "743-n": -1.0, "743-c": -1.5, "481-n": -2.0, "481-c": -1.0, "649-n": -2.6666666666666665, "649-c": -1.0, "737-e": -1.5, "737-n": -3.0, "737-c": -2.0, "347-e": -2.0, "347-n": -2.6666666666666665, "229-e": -0.0, "229-n": -3.0, "229-c": -2.0, "1323-n": -2.3333333333333335, "593-n": -2.75, "593-c": -1.0, "900-n": -3.0, "303-e": -2.75, "303-c": -1.0, "1445-n": -0.0, "1445-c": -3.0,